ImageName,ColonyCount,MeanArea,MeanRadius,MeanEccentricity
AS_09125_040701150004_A02f00d0 seg,78,110.935897435897,5.7702104326979,0.56473522383687
