ImageName,ColonyCount,MeanArea,MeanRadius,MeanEccentricity
control 1 603030 24h seg,37,2771.32432432432,29.6287680801004,0.241379179890496
control 2 603030 24h seg,48,1908.97916666667,24.5416397277457,0.264514242537349
control 3 603030 24h seg,55,3072.56363636364,31.1914004590896,0.284776757756622
light 1 603030 24h seg,28,1854.82142857143,24.187505984504,0.279900643334553
light 2 603030 24h seg,48,2324.875,27.0714969829392,0.310932399807568
light 3 603030 24h seg,40,2375.6,27.4083095217432,0.287648026415317
